<ImportExportXml version="9.2.24022.210" SolutionPackageVersion="9.2" languagecode="1033" generatedBy="CrmLive" xmlns:xsi="http://www.w3.org/2001/XMLSchema-instance">
  <SolutionManifest>
    <UniqueName>MelaniePowerUptask</UniqueName>
    <LocalizedNames>
      <LocalizedName description="Melanie Power Up task" languagecode="1033" />
    </LocalizedNames>
    <Descriptions />
    <Version>1.0.0.1</Version>
    <Managed>0</Managed>
    <Publisher>
      <UniqueName>Melanietully</UniqueName>
      <LocalizedNames>
        <LocalizedName description="Melanie Tully" languagecode="1033" />
      </LocalizedNames>
      <Descriptions />
      <EMailAddress xsi:nil="true"></EMailAddress>
      <SupportingWebsiteUrl xsi:nil="true"></SupportingWebsiteUrl>
      <CustomizationPrefix>melanie</CustomizationPrefix>
      <CustomizationOptionValuePrefix>29421</CustomizationOptionValuePrefix>
      <Addresses>
        <Address>
          <AddressNumber>1</AddressNumber>
          <AddressTypeCode>1</AddressTypeCode>
          <City xsi:nil="true"></City>
          <County xsi:nil="true"></County>
          <Country xsi:nil="true"></Country>
          <Fax xsi:nil="true"></Fax>
          <FreightTermsCode xsi:nil="true"></FreightTermsCode>
          <ImportSequenceNumber xsi:nil="true"></ImportSequenceNumber>
          <Latitude xsi:nil="true"></Latitude>
          <Line1 xsi:nil="true"></Line1>
          <Line2 xsi:nil="true"></Line2>
          <Line3 xsi:nil="true"></Line3>
          <Longitude xsi:nil="true"></Longitude>
          <Name xsi:nil="true"></Name>
          <PostalCode xsi:nil="true"></PostalCode>
          <PostOfficeBox xsi:nil="true"></PostOfficeBox>
          <PrimaryContactName xsi:nil="true"></PrimaryContactName>
          <ShippingMethodCode>1</ShippingMethodCode>
          <StateOrProvince xsi:nil="true"></StateOrProvince>
          <Telephone1 xsi:nil="true"></Telephone1>
          <Telephone2 xsi:nil="true"></Telephone2>
          <Telephone3 xsi:nil="true"></Telephone3>
          <TimeZoneRuleVersionNumber xsi:nil="true"></TimeZoneRuleVersionNumber>
          <UPSZone xsi:nil="true"></UPSZone>
          <UTCOffset xsi:nil="true"></UTCOffset>
          <UTCConversionTimeZoneCode xsi:nil="true"></UTCConversionTimeZoneCode>
        </Address>
        <Address>
          <AddressNumber>2</AddressNumber>
          <AddressTypeCode>1</AddressTypeCode>
          <City xsi:nil="true"></City>
          <County xsi:nil="true"></County>
          <Country xsi:nil="true"></Country>
          <Fax xsi:nil="true"></Fax>
          <FreightTermsCode xsi:nil="true"></FreightTermsCode>
          <ImportSequenceNumber xsi:nil="true"></ImportSequenceNumber>
          <Latitude xsi:nil="true"></Latitude>
          <Line1 xsi:nil="true"></Line1>
          <Line2 xsi:nil="true"></Line2>
          <Line3 xsi:nil="true"></Line3>
          <Longitude xsi:nil="true"></Longitude>
          <Name xsi:nil="true"></Name>
          <PostalCode xsi:nil="true"></PostalCode>
          <PostOfficeBox xsi:nil="true"></PostOfficeBox>
          <PrimaryContactName xsi:nil="true"></PrimaryContactName>
          <ShippingMethodCode>1</ShippingMethodCode>
          <StateOrProvince xsi:nil="true"></StateOrProvince>
          <Telephone1 xsi:nil="true"></Telephone1>
          <Telephone2 xsi:nil="true"></Telephone2>
          <Telephone3 xsi:nil="true"></Telephone3>
          <TimeZoneRuleVersionNumber xsi:nil="true"></TimeZoneRuleVersionNumber>
          <UPSZone xsi:nil="true"></UPSZone>
          <UTCOffset xsi:nil="true"></UTCOffset>
          <UTCConversionTimeZoneCode xsi:nil="true"></UTCConversionTimeZoneCode>
        </Address>
      </Addresses>
    </Publisher>
    <RootComponents>
      <RootComponent type="1" schemaName="melanie_productcatalog" behavior="0" />
      <RootComponent type="1" schemaName="melanie_shoeorderdetails" behavior="0" />
      <RootComponent type="1" schemaName="melanie_ss_shoe_order" behavior="0" />
      <RootComponent type="9" schemaName="melanie_gender" behavior="0" />
      <RootComponent type="29" id="{cc6288a1-65de-ee11-904c-6045bd04550c}" behavior="0" />
      <RootComponent type="62" schemaName="melanie_Sole_Style_Model" behavior="0" />
      <RootComponent type="80" schemaName="melanie_Sole_Style_Model" behavior="0" />
      <RootComponent type="183" id="{aad918fe-d0d7-ee11-9079-000d3a34c578}" schemaName="VCP_DS_73673675-e41a-48b5-9126-400a1e9805c2" behavior="0" />
      <RootComponent type="300" schemaName="melanie_solestylecanvas_f813b" behavior="0" />
      <RootComponent type="431" schemaName="melanie_productcatalog melanie_shoeimage" behavior="0" />
      <RootComponent type="432" schemaName="melanie_productcatalog" behavior="0" />
    </RootComponents>
    <MissingDependencies>
      <MissingDependency>
        <Required type="181" schemaName="Virtual Connector Data Provider" displayName="Virtual Connector Data Provider" solution="msft_ConnectorProvider (9.0.0.1618)" id="{b581d5dc-72e1-ea11-a81e-000d3af5fff1}">
          <package>msft_ConnectorProviderAnchor (9.0.0.1618)</package>
        </Required>
        <Dependent type="183" schemaName="VCP_DS_73673675-e41a-48b5-9126-400a1e9805c2" displayName="VCP_DS_73673675-e41a-48b5-9126-400a1e9805c2" id="{aad918fe-d0d7-ee11-9079-000d3a34c578}" />
      </MissingDependency>
      <MissingDependency>
        <Required type="29" displayName="Add Order to table and send email" solution="Active" id="{5455ef86-3ede-ee11-904d-000d3a322a35}" />
        <Dependent type="300" schemaName="melanie_solestylecanvas_f813b" displayName="SoleStyle_Canvas" />
      </MissingDependency>
      <MissingDependency>
        <Required type="61" schemaName="msdyn_/Images/AppModule_Default_Icon.png" displayName="msdyn_/Images/AppModule_Default_Icon.png" solution="AppModuleWebResources (2.5)" />
        <Dependent type="80" schemaName="melanie_Sole_Style_Model" displayName="Sole_Style_Model" />
      </MissingDependency>
      <MissingDependency>
        <Required type="connectionreference" displayName="contoso_sharedcommondataserviceforapps_a50b0" solution="Active" id.connectionreferencelogicalname="contoso_sharedcommondataserviceforapps_a50b0" />
        <Dependent type="29" displayName="New Stock Alert Notification to Manager" id="{cc6288a1-65de-ee11-904c-6045bd04550c}" />
      </MissingDependency>
      <MissingDependency>
        <Required type="connectionreference" displayName="contoso_sharedoffice365_996db" solution="Active" id.connectionreferencelogicalname="contoso_sharedoffice365_996db" />
        <Dependent type="29" displayName="New Stock Alert Notification to Manager" id="{cc6288a1-65de-ee11-904c-6045bd04550c}" />
      </MissingDependency>
      <MissingDependency>
        <Required type="SettingDefinition" displayName="AppChannel" solution="msdyn_AppFrameworkInfraExtensions (1.0.0.6)" id.uniquename="AppChannel" />
        <Dependent type="AppSetting" displayName="parentappmoduleid.uniquename=melanie_Sole_Style_Model,settingdefinitionid.uniquename=AppChannel" id.parentappmoduleid.uniquename="melanie_Sole_Style_Model" id.settingdefinitionid.uniquename="AppChannel" />
      </MissingDependency>
    </MissingDependencies>
  </SolutionManifest>
</ImportExportXml>