<bot schemaname="melanie_soleStyleAssistant">
  <authenticationmode>2</authenticationmode>
  <authenticationtrigger>1</authenticationtrigger>
  <iscustomizable>0</iscustomizable>
  <language>1033</language>
  <name>Sole Style Assistant</name>
  <runtimeprovider>0</runtimeprovider>
  <synchronizationstatus>{
  "contentVersion": 2,
  "lastFinishedPublishOperation": {
    "operationStart": "2024-03-20T13:46:42.3567722Z",
    "operationEnd": "2024-03-20T13:46:52.3054809Z",
    "status": "Succeeded"
  },
  "currentSynchronizationState": {
    "botRegistration": {
      "applicationId": "9dd897a5-5c6e-4620-975b-08e83ca502ae",
      "isAppAvailableInTenant": true
    },
    "provisioningStatus": "Provisioned",
    "state": "Synchronized"
  },
  "lastSynchronizedOnUtc": "2024-03-20T13:49:11.3174557Z"
}</synchronizationstatus>
  <template>default-2.0.1</template>
  <timezoneruleversionnumber>4</timezoneruleversionnumber>
</bot>